{"boobface": [1486645424.0983245, "chatting in #uptone"], "debian": [1490664411.9703183, "chatting in sjBot"], "Sami_": [1486883421.5771399, "chatting in ##monsterhunter"], "sj1k": [1486772456.518424, "chatting in #Sjc_Bot"], "sjBot": [1486772448.7551022, "chatting in #Sjc_Bot"], "Stephen66": [1486647568.2498283, "chatting in #uptone"], "steven": [1486724592.5943563, "chatting in #chat"]}