{"sjBot": [1496884049.699857, "chatting in sjBot"], "Sami_": [1486883421.5771399, "chatting in ##monsterhunter"], "boobface": [1486645424.0983245, "chatting in #uptone"], "sj1k": [1504242776.2713358, "chatting in local_sjBot"], "steven": [1486724592.5943563, "chatting in #chat"], "Stephen66": [1486647568.2498283, "chatting in #uptone"], "debian": [1509427200.8215282, "chatting in #uptone"]}